./apps/campusHelp/lib/ng-campus/campus-ui/icons.css,['1'],.css
./apps/lib/assets/libraryVersions/v0.10.5/campus-ui/icons.css,['1'],.css
./apps/student-snapshot/styles.72c1114c556b01a9a451.bundle.css,['4'],.css
./infoDialog/infoDialogPortal.css,['7'],.css
./infoDialog/infoDialogSIS.css,['7'],.css
./lens/wysiwyg/redactor/css/campusoverride.css,"['363', '364', '367']",.css
./node_modules/@campus/student-snapshot/styles.72c1114c556b01a9a451.bundle.css,['4'],.css
./node_modules/campus-5.0-apps/lib/assets/libraryVersions/v0.10.5/campus-ui/icons.css,['1'],.css
./node_modules/campus-help/lib/ng-campus/campus-ui/icons.css,['1'],.css
./portal/eSignature/pin.css,['27'],.css
./resourceManagement/addResourceWizard/addResourceWizard.css,['32'],.css
./resourceManagement/resourceMaster/resourceMaster.css,['13'],.css
./scheduling/coursePlanTemplate/coursePlanTemplate.css,"['3', '5', '136']",.css
./scheduling/responsive/sectionBuilder.css,['125'],.css
./styles/financeBudget.css,"['18', '56', '64', '73', '88', '99']",.css
./styles/icons.css,"['43', '44']",.css
./styles/lens.css,"['203', '564', '565', '566', '567', '568', '569', '570', '571', '572']",.css
./styles/myCampus.css,"['19', '20', '21', '22', '23', '24', '25', '26', '27']",.css
./styles/personnelMaster.css,"['20', '147', '156', '164', '173', '188']",.css
./styles/portal/header.css,"['8', '33', '47', '58', '63']",.css
./styles/portal/menu.css,"['18', '33', '62']",.css
./styles/portal/notifications.css,"['50', '181', '188', '189', '196', '197', '204']",.css
./styles/portal/portal.css,"['8', '16', '50', '51', '69', '70', '77', '88', '91', '99', '106', '107', '109', '110', '112', '113', '300', '353', '355', '372']",.css
