./database/change                             MYAP           Update.sql,"['311', '313', '315', '317', '319', '321', '323', '325', '327']",.sql
./database/change                             Add            for             Attendance.sql,"['17', '68', '70', '72']",.sql
./database/change                             Add        option       PortalOptions            ,"['5', '6', '8']",.sql
./database/change                             move                         to               for                improvement.sql,"['15', '17', '52', '54']",.sql
./database/change                             Add               portal            for        portal             Year             Planner.sql,"['5', '7', '9', '11', '13', '15', '17', '22', '24']",.sql
./database/change                             Alter          PortalOptions.sql,"['5', '7']",.sql
./database/change                             Add           hidePortalSSO       SAMLSPConfig.sql,"['7', '9']",.sql
./database/change                             LdapConfiguration             ,['11'],.sql
./database/change                              Add           proficiencyEstimates       PortalOptions.sql,"['5', '7']",.sql
./database/change                              Add        columns       Course        Section.sql,"['5', '8', '11', '14', '17', '20', '23', '26']",.sql
./database/change                              Convert                       toScheduling         Version        ,"['78', '79', '343', '357', '498', '499', '501', '506']",.sql
./database/change                              Curriculum             Creation.sql,['15'],.sql
./database/change                                           MT        Attribute            sessionNumber.sql,['19'],.sql
./database/change                                           Convert              Messenger                 ,"['5', '8', '9']",.sql
./database/change                                           OH         Unaccompanied            ,"['28', '52']",.sql
./database/change                                           HelpArticle           1318.sql,"['65', '244', '287', '320', '532', '533', '534', '632', '633', '861', '862', '863', '1043', '1340', '1341', '1342', '1522', '1796', '1797', '1798', '1976', '2232', '2233', '2234', '2408', '2655', '2656', '2657', '2831', '3062', '3063', '3064', '3238', '3464', '3465', '3466', '3640', '3857', '3858', '3859', '4010', '4142', '4272', '4401', '4529', '4622', '4710', '4797', '4882', '4966', '5048', '5123', '5198', '5982', '6015', '6046', '6137', '6344', '6712', '6949', '6957', '6986', '7141', '7363', '7373', '7375']",.sql
./database/change                                           MO            Enrollment        Attendance              ,"['10', '13', '18', '22', '30', '38']",.sql
./database/change                                           TX        core        tab.sql,"['37', '46']",.sql
./database/change                                           ID                       removalReason.sql,['13'],.sql
./database/change                                           HelpArticle           1322.sql,"['65', '244', '287', '320', '532', '533', '534', '632', '633', '821', '822', '860', '1184', '1217', '1248', '1338', '1545', '1914', '2151', '2159', '2188', '2344', '2567', '2577', '2579']",.sql
./database/change                                           HelpArticle           1326.sql,"['65', '244', '287', '320', '532', '533', '534', '632', '633', '829', '830', '868', '1191', '1224', '1255', '1344', '1551', '1922', '2159', '2167', '2196', '2351', '2575', '2585', '2587']",.sql
./database/change                                           Add          Evaluations                 ,"['11', '37']",.sql
./database/change                                           Add                   attribute        dictionary.sql,"['19', '28', '58']",.sql
./database/change                                           NE              update.sql,"['684', '698']",.sql
./database/change                                           NM              Update        ,"['13', '26', '71', '84', '97', '111', '124', '169', '183', '426', '496', '553', '586', '619', '631', '796', '809', '842', '935', '948', '1065', '1236', '1269', '1282', '1327', '1384', '1573', '1587', '1601', '1614', '1627', '2116', '2605', '2656', '2669', '2682', '2695', '2709', '2722', '2735', '2748', '2761', '2774', '2787', '2800', '2813', '3602', '3647', '3704', '3749', '3762', '3775', '3850', '3883', '3896', '4001', '4107', '4212', '4317', '4422', '4436', '4449', '4500', '4671', '4722', '4773', '4836', '4849', '4862', '4875', '4888', '4901', '4914', '4965', '4978', '5035', '5048', '5061', '5074', '5087', '5162', '5201', '5214', '5227', '5368', '5381', '5394', '5407', '5440', '5453', '5466', '5478', '5491', '5530', '5543', '5556', '5569', '5638', '5677', '5690', '5703', '5716', '5729', '5742', '5755', '5806', '5819', '5888', '5933', '5946', '5959', '5972', '5985', '5998', '6011', '6024', '6037', '6050', '6063', '6076', '6089', '6102', '6115', '6128', '6141', '6154', '6167', '6180', '6237', '6250', '6263', '6338', '6395', '6428', '6533', '8024', '8037', '8050', '8215', '8314', '8327', '8340', '8353', '8392', '8467', '8518', '8558', '8571', '8736', '8787', '8828', '8841', '8854', '8886']",.sql
./database/change                                           HelpArticle           1330.sql,"['65', '244', '287', '320', '532', '533', '534', '632', '633', '834', '835', '873', '1196', '1229', '1260', '1349', '1556', '1930', '2167', '2175', '2204', '2358', '2584', '2594', '2596']",.sql
./database/change                                           WY        Section         and           status.sql,"['12', '20']",.sql
./database/change                                           OH         Enrollment           from                  to                   ,['100'],.sql
./database/change                                           NV          Level              ,['31'],.sql
./database/change                                           CO        section                 ,"['14', '54', '181']",.sql
./database/change                                           Learning         Data          1330.sql,"['545', '549', '4033', '4037', '4132', '4136', '4483', '4487', '4933', '4937', '4942', '4946', '4951', '4955', '4960', '4964', '8308', '8312', '8317', '8321', '8326', '8330', '8335', '8339', '8344', '8348', '8353', '8357', '8488', '8492', '9109', '9113', '11917', '11921', '11935', '11939', '12070', '12074', '12097', '12101', '12538', '12542']",.sql
./database/change                                           Learning         Data          1334.sql,"['545', '549', '4240', '4244', '4339', '4343', '4690', '4694', '5176', '5180', '5185', '5189', '5194', '5198', '5203', '5207', '8641', '8645', '8650', '8654', '8659', '8663', '8668', '8672', '8677', '8681', '8686', '8690', '8821', '8825', '9442', '9446', '12286', '12290', '12304', '12308', '12439', '12443', '12466', '12470', '12907', '12911']",.sql
./database/change                                           CA           changes        sync         dictionary          13-14.sql,"['14', '721', '1644', '2567', '3490', '4413', '5336', '5485', '6408', '7331']",.sql
./database/change                                           HelpArticle           1334.sql,"['65', '244', '287', '320', '532', '533', '534', '632', '633', '844', '845', '883', '1206', '1239', '1270', '1359', '1566', '1949', '2186', '2194', '2223', '2377', '2603', '2613', '2615']",.sql
./database/change                                           KS              Updates        Standards.sql,"['14', '31', '153', '203', '397', '430', '768', '818', '904', '923', '941', '1054', '1212', '1361', '1582', '1623', '1642', '1661', '1680', '1699', '2109', '2128', '2178', '2255', '2274', '2360', '2473', '2559', '2600', '2619', '2731', '2826', '2851', '2982', '3176', '3244', '3263', '3282', '3301', '3343', '3627', '3749', '3817', '3835']",.sql
./database/change                                           VA              BehaviorRole                    Update.sql,['16'],.sql
./database/change                                           Messenger            Attribute             ,"['12', '51', '144']",.sql
./database/change                                           OK               mvUnaccompaniedYouth        data                 ,['27'],.sql
./database/change                                           MI               section25.sql,"['7', '10']",.sql
./database/change                                           KY           School           ,['14'],.sql
./database/change                                           KY           School                          ,['14'],.sql
./database/change                                           KS           Enrollment.writingAssessment                 ,"['13', '94', '260', '273', '286', '301', '382', '463']",.sql
./database/change                                           ID         Conversion           codes        Definition.higherEdInstitution.sql,"['67', '300']",.sql
./database/change                                           Learning         Data          1338.sql,"['586', '590', '4497', '4501', '4596', '4600', '4947', '4951', '5325', '5329', '5334', '5338', '5343', '5347', '5352', '5356', '8916', '8920', '8925', '8929', '8934', '8938', '8943', '8947', '8952', '8956', '8961', '8965', '9096', '9100', '9717', '9721', '12543', '12547', '12561', '12565', '12696', '12700', '12723', '12727', '13164', '13168']",.sql
./database/change                                           Help         1338.sql,"['65', '244', '287', '320', '532', '533', '534', '632', '633', '847', '848', '886', '1209', '1242', '1273', '1361', '1568', '1952', '2189', '2197', '2226', '2377', '2603', '2613', '2615']",.sql
./database/change                                           OK        lock                 dictionary.sql,['14'],.sql
./database/change                                           Add             Attendance         attributes.sql,"['10', '21']",.sql
./database/change                                           WA            to                        ,['13'],.sql
./database/change                                           Learning         Data          1342.sql,"['586', '590', '4740', '4744', '4839', '4843', '5190', '5194', '5568', '5572', '5577', '5581', '5586', '5590', '5595', '5599', '9195', '9199', '9204', '9208', '9213', '9217', '9222', '9226', '9231', '9235', '9240', '9244', '9375', '9379', '9996', '10000', '12822', '12826', '12840', '12844', '12975', '12979', '13002', '13006', '13443', '13447']",.sql
./database/change                                           MI            to               elaTestType.sql,['14'],.sql
./database/change                                           RI                  stateScore             ,['11'],.sql
./database/change                                           helpArticle           1342.sql,"['65', '244', '287', '320', '532', '533', '534', '632', '633', '849', '850', '888', '1211', '1244', '1275', '1363', '1570', '1956', '2193', '2201', '2230', '2381', '2607', '2617', '2619']",.sql
./database/change                                           VA               updates.sql,"['52', '57', '65']",.sql
./database/change                                           WA              additions        FRAM        Program.sql,['71'],.sql
./database/change                                           UT             Attributes             ,"['9', '19', '55', '65', '80', '134', '144', '154', '164', '174', '184', '194', '208', '232', '345', '355']",.sql
./database/change                                           OR             Attribute              ,"['9', '19', '29', '39', '75', '85', '100', '154', '164', '174', '184', '194', '204', '214', '228', '252', '365', '375']",.sql
./database/change                                           Learning         Data          1346.sql,"['667', '671', '6180', '6184', '6288', '6292', '6666', '6670', '7044', '7048', '7053', '7057', '7062', '7066', '7071', '7075', '11463', '11467', '11472', '11476', '11481', '11485', '11490', '11494', '11499', '11503', '11508', '11512', '11643', '11647', '12282', '12286', '15099', '15103', '15117', '15121', '15126', '15130', '15261', '15265', '15288', '15292', '15756', '15760', '15972', '15976']",.sql
./database/change                                           ID           dictionaries        update            ,"['13', '6238', '6469', '6598', '6679', '6760']",.sql
./database/change                                           MI               Standard             ,"['10', '19', '29', '38', '47', '56', '91', '120', '130', '140', '149', '158', '168', '178', '274', '283', '293', '303', '313', '322', '489', '498', '508', '570', '689', '761', '1036', '1095', '1104', '1271', '1390', '1564', '1573', '1582', '1591', '5256', '5292', '5301', '5310', '5319', '5474', '5515', '5622', '5631', '5640', '5690', '5700', '5709', '7286', '7295', '7304', '7313', '7366', '7375']",.sql
./database/change                                           helpArticle           1346.sql,"['64', '243', '286', '319', '531', '532', '533', '631', '632', '848', '849', '887', '1210', '1243', '1274', '1362', '1569', '1956', '2193', '2201', '2230', '2381', '2607', '2617', '2619']",.sql
./database/change                                           VA           distanceCode           and            for           ,"['12', '83']",.sql
./database/change                                           Learning         Data          1350.sql,"['667', '671', '5730', '5734', '5829', '5833', '6207', '6211', '6585', '6589', '6594', '6598', '6603', '6607', '6612', '6616', '10923', '10927', '10932', '10936', '10941', '10945', '10950', '10954', '10959', '10963', '10968', '10972', '11103', '11107', '11724', '11728', '14532', '14536', '14550', '14554', '14676', '14680', '14703', '14707', '15144', '15148']",.sql
./database/change                                           NE        dual           to             ,['10'],.sql
./database/change                                           helpArticle           1350.sql,"['65', '244', '287', '320', '532', '533', '534', '632', '633', '851', '852', '890', '1213', '1246', '1277', '1365', '1572', '1961', '2198', '2206', '2235', '2387', '2614', '2624', '2626']",.sql
./database/change                                           MI             languageAlt.sql,"['10', '13']",.sql
./database/change                                           WI        new          List         CWC                  ,['10'],.sql
./database/change                                           Learning         Data          1402            2.sql,"['667', '671', '6450', '6454', '6549', '6553', '6927', '6931', '7440', '7444', '7449', '7453', '7458', '7462', '7467', '7471', '12021', '12025', '12030', '12034', '12039', '12043', '12048', '12052', '12057', '12061', '12066', '12070', '12201', '12205', '12840', '12844', '15774', '15778', '15792', '15796', '15801', '15805', '15936', '15940', '15963', '15967', '16413', '16417']",.sql
./database/change                                           Add             Management                 ,"['7', '13', '19', '25']",.sql
./database/change                                           Learning         Data          1406.sql,"['680', '684', '5797', '5801', '5896', '5900', '6256', '6260', '6634', '6638', '6643', '6647', '6652', '6656', '6661', '6665', '10990', '10994', '10999', '11003', '11008', '11012', '11017', '11021', '11026', '11030', '11035', '11039', '11170', '11174', '11836', '11840', '14635', '14639', '14653', '14657', '14779', '14783', '14806', '14810', '15238', '15242']",.sql
./database/change                                           MN          education              and               updates.sql,['14'],.sql
./database/change                                           help         updates           ,"['65', '244', '287', '320', '532', '533', '534', '632', '633', '858', '859', '897', '1219', '1252', '1283', '1371', '1578', '1973', '2209', '2217', '2246', '2397', '2624', '2634', '2636', '65', '244', '287', '320', '532', '533', '534', '632', '633', '890', '891', '929', '1250', '1283', '1314', '1402', '1609', '2050', '2286', '2294', '2323', '2474', '2701', '2711', '2713', '65', '244', '287', '320', '532', '533', '534', '632', '633', '896', '897', '935', '1256', '1289', '1320', '1408', '1615', '2064', '2300', '2308', '2337', '2488', '2715', '2725', '2727']",.sql
./database/change                                           Learning         Data          1410.sql,"['721', '725', '1707', '1711', '1716', '1720', '2022', '2026', '2031', '2035', '8124', '8128', '8223', '8227', '8583', '8587', '8961', '8965', '8970', '8974', '8979', '8983', '8988', '8992', '13398', '13402', '13407', '13411', '13416', '13420', '13425', '13429', '13434', '13438', '13443', '13447', '13578', '13582', '14532', '14536', '17304', '17308', '17322', '17326', '17448', '17452', '17475', '17479', '17907', '17911']",.sql
./database/change                                           IA           Atttribute             and              ,"['30', '99', '191', '224', '287', '300', '333', '366', '379', '450', '514', '577', '6538', '6643', '6656', '6701', '6766', '6817', '6874', '6925', '6938', '6971', '7017', '7093', '7150', '7291', '7304', '7367', '7380', '7437', '7450', '7483', '7496', '7509', '7522', '7535']",.sql
./database/change                                           Learning         Data          1414.sql,"['856', '860', '1851', '1855', '1860', '1864', '2175', '2179', '2184', '2188', '11175', '11179', '11274', '11278', '11652', '11656', '12183', '12187', '12192', '12196', '12201', '12205', '12210', '12214', '17007', '17011', '17016', '17020', '17025', '17029', '17034', '17038', '17043', '17047', '17052', '17056', '17187', '17191', '18177', '18181', '21120', '21124', '21138', '21142', '21147', '21151', '21327', '21331', '21354', '21358', '21804', '21808']",.sql
./database/change                                           ID        Graduation                          ,['13'],.sql
./database/change                                           MT        Eval               Attributes.sql,"['11', '18', '25', '32', '39', '50', '77', '84', '91', '98']",.sql
./database/change                                           NV           Enrollment                                ,['32'],.sql
./database/change                                           Help         Updates           ,"['65', '244', '287', '320', '532', '533', '534', '632', '633', '898', '899', '937', '1255', '1287', '1318', '1406', '1611', '2064', '2297', '2305', '2334', '2484', '2710', '2720', '2722', '64', '243', '286', '319', '531', '532', '533', '630', '631', '907', '908', '946', '1264', '1296', '1327', '1415', '1618', '2081', '2314', '2322', '2351', '2501', '2727', '2737', '2739', '65', '244', '287', '320', '532', '533', '534', '631', '632', '909', '910', '948', '1266', '1298', '1329', '1417', '1620', '2084', '2317', '2325', '2354', '2504', '2730', '2740', '2742', '65', '244', '287', '320', '532', '533', '534', '631', '632', '910', '911', '949', '1264', '1296', '1327', '1414', '1608', '2073', '2302', '2310', '2339', '2482', '2706', '2716', '2718', '64', '243', '286', '319', '531', '532', '533', '630', '631', '913', '914', '952', '1267', '1299', '1330', '1417', '1611', '2081', '2310', '2318', '2348', '2492', '2716', '2726', '2728', '64', '243', '286', '319', '531', '532', '533', '630', '631', '940', '941', '979', '1294', '1326', '1357', '1444', '1637', '2133', '2362', '2370', '2400', '2544', '2768', '2778', '2780', '64', '243', '286', '319', '531', '532', '533', '630', '631', '950', '951', '989', '1304', '1336', '1367', '1454', '1647', '2152', '2381', '2389', '2419', '2563', '2786', '2796', '2798', '63', '242', '285', '318', '530', '531', '532', '629', '630', '955', '956', '994', '1309', '1341', '1372', '1458', '1651', '2162', '2390', '2398', '2428', '2572', '2795', '2805', '2807', '64', '243', '286', '319', '531', '532', '533', '630', '631', '959', '960', '997', '1313', '1344', '1429', '1616', '2112', '2323', '2352', '2487', '2709', '2719', '2721']",.sql
./database/change                                           ME        dictioanry              ,"['13', '19', '25', '31', '37', '43', '49']",.sql
./database/change                                           Prepopulate          tables.sql,"['636', '1262']",.sql
./database/change                                           WY        attribute        transcript           hathaway.sql,['22'],.sql
./database/change                                           ID           plp           end         and           attributes.sql,"['10', '19']",.sql
./database/change                                           Update              Instruction            Templates.sql,"['7', '8', '12']",.sql
./database/change                                           MI               otherTestType.sql,"['7', '10']",.sql
./database/change                                           CO        ImmComplianceLabel                data        Attribute.sql,['128'],.sql
./database/change                                           NY             cleanup.sql,"['1056', '1065']",.sql
./database/change                                           Audit                  Changes.sql,['58'],.sql
./database/change                                           PA             act80Group.sql,['7'],.sql
./database/change                                           Add            vaccineCode       all             ,['11'],.sql
./database/change                                           MN              Update.sql,"['673', '676']",.sql
./database/change                                           Update         USDA                ,['30'],.sql
./database/change                                           WI        VaccineExemption                   Attribute.sql,['106'],.sql
./database/change                                           MD          dictionary.sql,"['348', '475', '621', '630', '699']",.sql
./database/change                                           ID        campus              for        state           ,['122'],.sql
./database/change                                           CO        VaccineExemption                   Attribute.sql,['103'],.sql
./database/change                                           PA          Attribute              ,['136'],.sql
./database/change                                           MD        Behavior                 ,['202'],.sql
./database/change                                           Help         Update           ,"['65', '244', '287', '320', '532', '533', '534', '631', '632', '920', '921', '959', '1274', '1306', '1337', '1424', '1618', '2094', '2323', '2331', '2361', '2505', '2729', '2739', '2741', '64', '243', '286', '319', '531', '532', '533', '630', '631', '952', '953', '991', '1306', '1338', '1369', '1456', '1649', '2156', '2385', '2393', '2423', '2567', '2790', '2800', '2802', '65', '244', '287', '320', '532', '533', '534', '631', '632', '955', '956', '994', '1309', '1341', '1372', '1458', '1651', '2160', '2388', '2396', '2426', '2570', '2793', '2803', '2805']",.sql
./database/change                                           CA        VaccineExemption                   Attribute.sql,['89'],.sql
./database/change                                           MI               section31aAtRisk.sql,['8'],.sql
./database/change                                           PA           and            enrollment        to      droplist.sql,['15'],.sql
./database/change                                           NY           enrollment                 to               ,['43'],.sql
./database/change                                           VA        CampusAttributes                  and           ,['14'],.sql
./database/change                                           VA                     location          to                        ,['15'],.sql
./database/change                                           WY              custom           Hathaway            ,['14'],.sql
./database/change                                           HelpText           1513.sql,"['63', '242', '285', '318', '530', '531', '532', '629', '630', '954', '955', '993', '1308', '1340', '1371', '1457', '1650', '2160', '2388', '2396', '2426', '2570', '2793', '2803', '2805']",.sql
./database/change                                           Insert                     data.sql,"['14', '18', '21', '25', '28', '32']",.sql
./database/change                                           MO        ProgramParticipation                   ,['14'],.sql
./database/change                                           Update            FRAM           template       include         start.sql,['7'],.sql
./database/change                                           wysiywg                      Update.sql,"['6', '7', '11', '12', '20']",.sql
./database/change                                           NJ              Attribute             raceEthnicity2.sql,['14'],.sql
./database/change                                           Finance       Update.sql,['13'],.sql
./database/change                                           Update         USDA.sql,['58'],.sql
./database/change                                           MI              Grad         field.sql,['10'],.sql
./database/change                                           Campus         preference        conversion.sql,"['75', '83']",.sql
./database/change                                           Behavior               Attributes.sql,"['13', '35', '48', '91', '134', '183', '214', '257', '264', '277', '299']",.sql
./database/change                                           GA           Enrollment                 ,['42'],.sql
./database/change                                           IN          Reporting              Update.sql,['41'],.sql
./database/change                                           IL           test                   ReaderSigner.sql,['14'],.sql
./database/change                                           MA        new               and                         fields.sql,['92'],.sql
./database/change                                           IA               updates.sql,['189'],.sql
./database/change                                           Add         and              text       online         application        updated               text.sql,"['34', '45']",.sql
./database/change                                           MD        VaccineExemption                   Attribute.sql,['94'],.sql
./database/change                                           OK           CalendarType.sql,['13'],.sql
./database/change                                           IA             Incident        dictionaries.sql,['14'],.sql
./database/change                                           NM            for          NM          Reporting.sql,"['78', '211']",.sql
./database/change                                           MI            Collection          Updates.sql,"['30', '138', '216', '300']",.sql
./database/change                                           MD                    and                     updates        MCC.sql,['346'],.sql
./database/change                                           DC        Language               List.sql,['14'],.sql
./database/change                                           BIE           BehaviorResolution                        ,['30'],.sql
./database/change                                           ID                Attendance.sql,['18'],.sql
./database/change                                           WY           Course              Dictionary.sql,['14'],.sql
./database/change                                           RI        Course                ,['14'],.sql
./database/change                                           Remove            app            toggle.sql,['6'],.sql
./database/change                                           MD       Enrollment          extract              ,"['103', '198']",.sql
./database/change                                           NY        dual               credit.sql,['14'],.sql
./database/change                                           VA         stateCode               updates.sql,"['2955', '2959', '2991', '2995']",.sql
./database/change                                            MD                   weaponType               updates.sql,['14'],.sql
./database/change                                           CT        program              ,['14'],.sql
./database/change                                           WY        program              ,['14'],.sql
./database/change                                           PA            old             Data       Homeless        and           new               for             tab.sql,['47'],.sql
./database/change                                           Portal                   ,"['36', '39', '44', '70', '117', '120', '123', '126', '129', '132', '135', '138', '141', '144', '147', '150', '153', '156', '159', '162', '165', '168', '171', '174', '177', '180', '183', '186', '189', '192', '195', '198', '201', '204', '207', '210', '213', '216', '219', '222', '225', '228', '231', '234', '237', '240', '243', '246', '249', '252', '255', '258', '261', '264', '267', '270', '273', '276', '279', '282', '285', '288', '291', '294', '297', '300', '303', '306', '309', '312', '315', '318', '321', '324', '327', '330', '333', '336', '339', '342', '345', '348', '351', '354', '357', '360', '363', '366', '369', '372', '375', '378', '381', '384', '387', '390', '393', '396', '399', '402', '405', '408', '411', '414', '417', '420', '423', '426', '429', '432', '435', '438', '441', '444', '447', '450', '453', '456', '459', '462', '465', '468', '471', '474', '477', '480', '483', '486', '489', '492', '495', '498', '501', '504', '507', '510', '513', '516', '519', '522', '525', '528', '531', '534', '537', '540', '543', '546', '549', '552', '555', '558', '561', '564', '567', '570', '573', '576', '579', '582', '585', '588', '591', '594', '597', '600', '603', '606', '609', '612', '615', '618', '621', '624', '627', '630', '633', '636', '639', '642', '645', '648', '651', '654', '657', '660', '663', '666', '669', '672', '675', '678', '681', '684', '687', '690', '693', '696', '699', '702', '705', '708', '711', '714', '717', '720', '723', '726', '729', '732', '735', '738', '741', '744', '747', '750', '753', '756', '759', '762', '765', '768', '771', '774', '777', '780', '783', '786', '789', '792', '795', '798', '801', '804', '807', '810', '813', '816', '819', '822', '825', '828', '831', '834', '837', '840', '843', '846', '849', '852', '855', '858', '861', '864', '867', '870', '873', '876', '879', '882', '885', '888', '891', '894', '897', '900', '903', '906', '909', '912', '915', '918', '921', '924', '927', '930', '933', '936', '939', '942', '945', '948', '951', '954', '957', '960', '963', '966', '969', '972', '975', '978', '981', '984', '987', '990', '993', '996', '999', '1002', '1005', '1008', '1011', '1014', '1017', '1020', '1023', '1026', '1029', '1032', '1035', '1038', '1041', '1044', '1047', '1050', '1053', '1056', '1059', '1062', '1065', '1068', '1071', '1074', '1077', '1080', '1083', '1086', '1089', '1092', '1095', '1098', '1101', '1104', '1107', '1110', '1113', '1116', '1119', '1122', '1125', '1128', '1131', '1134', '1137', '1140', '1143', '1146', '1149', '1152', '1155', '1158', '1161', '1164', '1167', '1170', '1173', '1176', '1179', '1182', '1185', '1188', '1191', '1194', '1197', '1200', '1203', '1206', '1209', '1212', '1215', '1218', '1221', '1224', '1227', '1230', '1233', '1236', '1239', '1242', '1245', '1248', '1251', '1254', '1257', '1260', '1263', '1266', '1269', '1272', '1275', '1278', '1281', '1284', '1287', '1290', '1293', '1296', '1299', '1302', '1305', '1308', '1311', '1314', '1317', '1320', '1323', '1326', '1329', '1332', '1335', '1338', '1341', '1344', '1347', '1350', '1353', '1356', '1359', '1362', '1365', '1368', '1371', '1374', '1377', '1380', '1383', '1386', '1389', '1392', '1395', '1398', '1401', '1404', '1407', '1410', '1413', '1416', '1419', '1422', '1425', '1428', '1431', '1434', '1437', '1440', '1443', '1446', '1449', '1452', '1455', '1458', '1461', '1464', '1467', '1470', '1473', '1476', '1479', '1482', '1485', '1488', '1491', '1494', '1497', '1500', '1503', '1506', '1509', '1512', '1515', '1518', '1521', '1524', '1527', '1530', '1533', '1536', '1539', '1542', '1545', '1548', '1551', '1554', '1557', '1560', '1563', '1566', '1569', '1572', '1575', '1578', '1581', '1584', '1587', '1590', '1593', '1596', '1599', '1602', '1605', '1608', '1611', '1614', '1617', '1620', '1623', '1626', '1629', '1632', '1635', '1638', '1641', '1644', '1647', '1650', '1653', '1656', '1659', '1662', '1665', '1668', '1671', '1674', '1677', '1680', '1683', '1686', '1689', '1692', '1695', '1698', '1701', '1704', '1707', '1710', '1713', '1716', '1719', '1722', '1725', '1728', '1731', '1734', '1737', '1740', '1743', '1746', '1749', '1752', '1755', '1758', '1761', '1764', '1767', '1770', '1773', '1776', '1779', '1782', '1785', '1788', '1791', '1794', '1797', '1800', '1803', '1806', '1809', '1812', '1815', '1818', '1821', '1824', '1827', '1830', '1833', '1836', '1839', '1842', '1845', '1848', '1851', '1854', '1857', '1860', '1863', '1866', '1869', '1872', '1875', '1878', '1881', '1884', '1887', '1890', '1893', '1896', '1899', '1902', '1905', '1908', '1911', '1914', '1917', '1920', '1923', '1926', '1929', '1932', '1935', '1938', '1941', '1944', '1947', '1950', '1953', '1956', '1959', '1962', '1965', '1968', '1971', '1974', '1977', '1980', '1983', '1986', '1989', '1992', '1995', '1998', '2001', '2004', '2007', '2010', '2013', '2016', '2019', '2022', '2025', '2028', '2031', '2034', '2037', '2040', '2043', '2046', '2049', '2052', '2055', '2058', '2061', '2064', '2067', '2070', '2073', '2076', '2079', '2082', '2085', '2088', '2091', '2094', '2097', '2100', '2103', '2106', '2109', '2112', '2115', '2118', '2121', '2124', '2127', '2130', '2133', '2136', '2139', '2142', '2145', '2148', '2151', '2154', '2157', '2160', '2163', '2166', '2169', '2172', '2175', '2178', '2181', '2184', '2187', '2190', '2193', '2196', '2199', '2202', '2205', '2208', '2211', '2214', '2217', '2220', '2223', '2226', '2229', '2232', '2235', '2238', '2241', '2244', '2247', '2250', '2253', '2256', '2259', '2262', '2265', '2268', '2271', '2274', '2277', '2280', '2283', '2286', '2289', '2292', '2295', '2298', '2301', '2304', '2307', '2310', '2313', '2316', '2319', '2322', '2325', '2328', '2331', '2334', '2337', '2340', '2343', '2346', '2349', '2352', '2355', '2358', '2361', '2364', '2367', '2370', '2373', '2376', '2379', '2382', '2385', '2388', '2391', '2394', '2397', '2400', '2403', '2406', '2409', '2412', '2415', '2418', '2421', '2424', '2427', '2430', '2433', '2436', '2439', '2442', '2445', '2448', '2451', '2454', '2457', '2460', '2463', '2466', '2469', '2472', '2475', '2478', '2481', '2484', '2487', '2490', '2493', '2496', '2499', '2502', '2505', '2508', '2511', '2514', '2517', '2520', '2523', '2526', '2529', '2532', '2535', '2538', '2541', '2544', '2547', '2550', '2553', '2556', '2559', '2562', '2565', '2568', '2571', '2574', '2577', '2580', '2583', '2586', '2589', '2592', '2595', '2598', '2601', '2604', '2607', '2610', '2613', '2616', '2619', '2622', '2625', '2628', '2631', '2634', '2637', '2640', '2643', '2646', '2649', '2652', '2655', '2658', '2661', '2664', '2667', '2670', '2673', '2676', '2679', '2682', '2685', '2688', '2691', '2694', '2697', '2700', '2703', '2706', '2709', '2712', '2715', '2718', '2721', '2724', '2727', '2730', '2733', '2736', '2739', '2742', '2745', '2748', '2751', '2754', '2757', '2760', '2763', '2766', '2769', '2772', '2775', '2778', '2781', '2784', '2787', '2790', '2793', '2796', '2799', '2802', '2805', '2808', '2811', '2814', '2817', '2820', '2823', '2826', '2829', '2832', '2835', '2838', '2841', '2844', '2847', '2850', '2853', '2856', '2859', '2862', '2865', '2868', '2871', '2874', '2877', '2880', '2883', '2886', '2889', '2892', '2895', '2898', '2901', '2904', '2907', '2910', '2913', '2916', '2919', '2922', '2925', '2928', '2931', '2934', '2937', '2940', '2943', '2946', '2949', '2952', '2955', '2958', '2961', '2964', '2967', '2970', '2973', '2976', '2979', '2982', '2985', '2988', '2991', '2994', '2997', '3000', '3003', '3006', '3009', '3012', '3015', '3018', '3021', '3024', '3027', '3030', '3033', '3036', '3039', '3042', '3045', '3048', '3051', '3054', '3057', '3060', '3063', '3066', '3069', '3072', '3075', '3078', '3081', '3084', '3087', '3090', '3093', '3096', '3099', '3102', '3105', '3108', '3111', '3114', '3117', '3120', '3123', '3126', '3129', '3132', '3135', '3138', '3141', '3144', '3147', '3150', '3153', '3156', '3159', '3162', '3165', '3168', '3171', '3174', '3177', '3180', '3183', '3186', '3189', '3192', '3195', '3198', '3201', '3204', '3207', '3210', '3213', '3216', '3219', '3222', '3225', '3228', '3231', '3234', '3237', '3240', '3243', '3246', '3249', '3252', '3255', '3258', '3261', '3264', '3267', '3270', '3273', '3276', '3279', '3282', '3285', '3288', '3291', '3294', '3297', '3300', '3303', '3306', '3309', '3312', '3315', '3318', '3321', '3324', '3327', '3330', '3333', '3336', '3339', '3342', '3345', '3348', '3351', '3354', '3357', '3360', '3363', '3366', '3369', '3372', '3375', '3378', '3381', '3384', '3387', '3390', '3393', '3396', '3399', '3402', '3405', '3408', '3411', '3414', '3417', '3420', '3423', '3426', '3429', '3432', '3435', '3438', '3441', '3444', '3447', '3450', '3453', '3456', '3459', '3462', '3465', '3468', '3471', '3474', '3477', '3480', '3483', '3486', '3489', '3492', '3495', '3498', '3501', '3504', '3507', '3510', '3513', '3516', '3519', '3522', '3525', '3528', '3531', '3534', '3537', '3540', '3543', '3546', '3549', '3552', '3555', '3558', '3561', '3564', '3567', '3570', '3573', '3576', '3579', '3582', '3585', '3588', '3591', '3594', '3597', '3600', '3603', '3606', '3609', '3612', '3615', '3618', '3621', '3624', '3627', '3630', '3633', '3636', '3639', '3642', '3645', '3648', '3651', '3654', '3657', '3660', '3663', '3666', '3669', '3672', '3675', '3678', '3681', '3684', '3687', '3690', '3693', '3696', '3699', '3702', '3705', '3708', '3711', '3714', '3717', '3720', '3723', '3726', '3729', '3732', '3735', '3738', '3741', '3744', '3747', '3750', '3753', '3756', '3759', '3762', '3765', '3768', '3771', '3774', '3777', '3780', '3783', '3786', '3789', '3792', '3795', '3798', '3801', '3804', '3807', '3810', '3813', '3816', '3819', '3822', '3825', '3828', '3831', '3834', '3837', '3840', '3843', '3846', '3849', '3852', '3855', '3858', '3861', '3864', '3867', '3870', '3873', '3876', '3879', '3882', '3885', '3888', '3891', '3894', '3897', '3900', '3903', '3906', '3909', '3912', '3915', '3918', '3921', '3924', '3927', '3930', '3933', '3936', '3939', '3942', '3945', '3948', '3951', '3954', '3957', '3960', '3963', '3966', '3969', '3972', '3975', '3978', '3981', '3984', '3987', '3990', '3993', '3996', '3999', '4002', '4005', '4008', '4011', '4014', '4017', '4020', '4023', '4026', '4029', '4032', '4035', '4038', '4041', '4044', '4047', '4050', '4053', '4056', '4059', '4062', '4065', '4068', '4071', '4074', '4077', '4080', '4083', '4086', '4089', '4092', '4095', '4098', '4101', '4104', '4107', '4110', '4113', '4116', '4119', '4122', '4125', '4128', '4131', '4134', '4137', '4140', '4143', '4146', '4149', '4152', '4155', '4158', '4161', '4164', '4167', '4170', '4173', '4176', '4179', '4182', '4185', '4188', '4191', '4194', '4197', '4200', '4203', '4206', '4209', '4212', '4215', '4218', '4221', '4224', '4227', '4230', '4233', '4236', '4239', '4242', '4245', '4248', '4251', '4254', '4257', '4260', '4263', '4266', '4269', '4272', '4275', '4278', '4281', '4284', '4287', '4290', '4293', '4296', '4299', '4302', '4305', '4308', '4311', '4314', '4317', '4320', '4323', '4326', '4329', '4332', '4335', '4338', '4341', '4344', '4347', '4350', '4353', '4356', '4359', '4362', '4365', '4368', '4371', '4374', '4377', '4380', '4383', '4386', '4389', '4392', '4395', '4398', '4401', '4404', '4407', '4410', '4413', '4416', '4419', '4422', '4425', '4428', '4431', '4434', '4437', '4440', '4443', '4446', '4449', '4452', '4455', '4458', '4461', '4464', '4467', '4470', '4473', '4476', '4479', '4482', '4485', '4488', '4491', '4494', '4497', '4500', '4503', '4506', '4509', '4512', '4515', '4518', '4521', '4524', '4527', '4530', '4533', '4536', '4539', '4542', '4545', '4548', '4551', '4554', '4557', '4560', '4563', '4566', '4569', '4572', '4575', '4578', '4581', '4584', '4587', '4590', '4593', '4596', '4599', '4602', '4605', '4608', '4611', '4614', '4617', '4620', '4623', '4626', '4629', '4632', '4635', '4638', '4641', '4644', '4647', '4650', '4653', '4656', '4659', '4662', '4665', '4668', '4671', '4674', '4677', '4680', '4683', '4686', '4689', '4692', '4695', '4698', '4701', '4704', '4707', '4710', '4713', '4716', '4719', '4722', '4725', '4728', '4731', '4734', '4737', '4740', '4743', '4746', '4749', '4752', '4755', '4758', '4761', '4764', '4767', '4770', '4773', '4776', '4779', '4782', '4785', '4788', '4791', '4794', '4797', '4800', '4803', '4806', '4809', '4812', '4815', '4818', '4821', '4824', '4827', '4830', '4833', '4836', '4839', '4842', '4845', '4848', '4851', '4854', '4857', '4860', '4863', '4866', '4869', '4872', '4875', '4878', '4881', '4884', '4887', '4890', '4893', '4896', '4899', '4902', '4905', '4908', '4911', '4914', '4917', '4920', '4923', '4926', '4929', '4932', '4935', '4938', '4941', '4944', '4947', '4950', '4953', '4956', '4959', '4962', '4965', '4968', '4971', '4974', '4977', '4980', '4983', '4986', '4989', '4992', '4995', '4998', '5001', '5004', '5007', '5010', '5013', '5016', '5019', '5022', '5025', '5028', '5031', '5034', '5037', '5040', '5043', '5046', '5049', '5052', '5055', '5058', '5061', '5064', '5067', '5070', '5073', '5076', '5079', '5082', '5085', '5088', '5091', '5094', '5097', '5100', '5103', '5106', '5109', '5112', '5115', '5118', '5121', '5124', '5127', '5130', '5133', '5136', '5139', '5142', '5145', '5148', '5151', '5154', '5157', '5160', '5163', '5166', '5169', '5172', '5175', '5178', '5181', '5184', '5187', '5190', '5193', '5196', '5199', '5202', '5205', '5208', '5211', '5214', '5217', '5220', '5223', '5226', '5229', '5232', '5235', '5238', '5241', '5244', '5247', '5250', '5253', '5256', '5259', '5262', '5265', '5268', '5271', '5274', '5277', '5280', '5283', '5286', '5289', '5292', '5295', '5298', '5301', '5304', '5307', '5310', '5313', '5316', '5319', '5322', '5325', '5328', '5331', '5334', '5337', '5340', '5343', '5346', '5349', '5352', '5355', '5358', '5361', '5364', '5367', '5370', '5373', '5376', '5379', '5382', '5385', '5388', '5391', '5394', '5397', '5400', '5403', '5406', '5409', '5412', '5415', '5418', '5421', '5424', '5427', '5430', '5433', '5436', '5439', '5442', '5445', '5448', '5451', '5454', '5457', '5460', '5463', '5466', '5469', '5472', '5475', '5478', '5481', '5484', '5487', '5490', '5493', '5496', '5499', '5502', '5505', '5508', '5511', '5514', '5517', '5520', '5523', '5526', '5529', '5532', '5535', '5538', '5541', '5544', '5547', '5550', '5553', '5556', '5559', '5562', '5565', '5568', '5571', '5574', '5577', '5580', '5583', '5586', '5589', '5592', '5595', '5598', '5601', '5604', '5607', '5610', '5613', '5616', '5619', '5622', '5625', '5628', '5631', '5634', '5637', '5640', '5643', '5646', '5649', '5652', '5655', '5658', '5661', '5664', '5667', '5670', '5673', '5676', '5679', '5682', '5685', '5688', '5691', '5694', '5697', '5700', '5703', '5706', '5709', '5712', '5715', '5718', '5721', '5724', '5727', '5730', '5733', '5736', '5739', '5742', '5745', '5748', '5751', '5754', '5757', '5760', '5763', '5766', '5769', '5772', '5775', '5778', '5781', '5784', '5787', '5790', '5793', '5796', '5799', '5802', '5805', '5808', '5811', '5814', '5817', '5820', '5823', '5826', '5829', '5832', '5835', '5838', '5841', '5844', '5847', '5850', '5853', '5856', '5859', '5862', '5865', '5868', '5871', '5874', '5877', '5880', '5883', '5886', '5889', '5892', '5895', '5898', '5901', '5904', '5907', '5910', '5913', '5916', '5919', '5922', '5925', '5928', '5931', '5934', '5937', '5940', '5943', '5946', '5949', '5952', '5955', '5958', '5961', '5964', '5967', '5970', '5973', '5976', '5979', '5982', '5985', '5988', '5991', '5994', '5997', '6000', '6003', '6006', '6009', '6012', '6015', '6018', '6021', '6024', '6027', '6030', '6033', '6036', '6039', '6042', '6045', '6048', '6051', '6054', '6057', '6060', '6063', '6066', '6069', '6072', '6075', '6078', '6081', '6084', '6087', '6090', '6093', '6096', '6099', '6102', '6105', '6108', '6111', '6114', '6117', '6120', '6123', '6126', '6129', '6132', '6135', '6138', '6141', '6144', '6147', '6150', '6153', '6156', '6159', '6162', '6165', '6168', '6171', '6174', '6177', '6180', '6183', '6186', '6189', '6192', '6195', '6198', '6201', '6204', '6207', '6210', '6213', '6216', '6219', '6222', '6225', '6228', '6231', '6234', '6237', '6240', '6243', '6246', '6249', '6252', '6255', '6258', '6261', '6264', '6267', '6270', '6273', '6276', '6279', '6282', '6285', '6288', '6291', '6294', '6297', '6300', '6303', '6306', '6309', '6312', '6315', '6318', '6321', '6324', '6327', '6330', '6333', '6336', '6339', '6342', '6345', '6348', '6351', '6354', '6357', '6360', '6363', '6366', '6369', '6372', '6375', '6378', '6381', '6384', '6387', '6390', '6393', '6396', '6399', '6402', '6405', '6408', '6411', '6414', '6417', '6420', '6423', '6426', '6429', '6432', '6435', '6438', '6441', '6444', '6447', '6450', '6453', '6456', '6459', '6462', '6465', '6468', '6471', '6474', '6477', '6480', '6483', '6486', '6489', '6492', '6495', '6498', '6501', '6504', '6507', '6510', '6513', '6516', '6519', '6522', '6525', '6528', '6531', '6534', '6537', '6540', '6543', '6546', '6549', '6552', '6555', '6558', '6561', '6564', '6567', '6570', '6573', '6576', '6579', '6582', '6585', '6588', '6591', '6594', '6597', '6600', '6603', '6606', '6609', '6612', '6615', '6618', '6621', '6624', '6627', '6630', '6633', '6636', '6639', '6642', '6645', '6648', '6651', '6654', '6657', '6660', '6663', '6666', '6669', '6672', '6675', '6678', '6681', '6684', '6687', '6690', '6693', '6696', '6699', '6702', '6705', '6708', '6711', '6714', '6717', '6720', '6723', '6726', '6729', '6732', '6735', '6738', '6741', '6744', '6747', '6750', '6753', '6756', '6759', '6762', '6765', '6768', '6771', '6774', '6777', '6780', '6783', '6786', '6789', '6792', '6795', '6798', '6801', '6804', '6807', '6810', '6813', '6816', '6819', '6822', '6825', '6828', '6831', '6834', '6837', '6840', '6843', '6846', '6849', '6852', '6855', '6858', '6861', '6864', '6867', '6870', '6873', '6876', '6879', '6882', '6885', '6888', '6891', '6894', '6897', '6900', '6903', '6906', '6909', '6912', '6915', '6918', '6921', '6924', '6927', '6930', '6933', '6936', '6939', '6942', '6945', '6948', '6951', '6954', '6957', '6960', '6963', '6966', '6969', '6972', '6975', '6978', '6981', '6984', '6987', '6990', '6993', '6996', '6999', '7002', '7005', '7008', '7011', '7014', '7017', '7020', '7023', '7026', '7029', '7032', '7035', '7038', '7041', '7044', '7047', '7050', '7053', '7056', '7059', '7062', '7065', '7068', '7071', '7074', '7077', '7080', '7083', '7086', '7089', '7092', '7095', '7098', '7101', '7104', '7107', '7110', '7113', '7116', '7119', '7122', '7125', '7128', '7131', '7134', '7137', '7140', '7143', '7146', '7149', '7152', '7155', '7158', '7161', '7164', '7167', '7170', '7173', '7176', '7179', '7182', '7185', '7188', '7191', '7194', '7197', '7200', '7203', '7206', '7209', '7212', '7215', '7218', '7221', '7224', '7227', '7230', '7233', '7236', '7239', '7242', '7245', '7248', '7251', '7254', '7257', '7260', '7263', '7266', '7269', '7272', '7275', '7278', '7281', '7284', '7287', '7290', '7293', '7296', '7299', '7302', '7305', '7325', '7328', '7331', '7334', '7337', '7340', '7343', '7346', '7349', '7352', '7355', '7358', '7361', '7364', '7367', '7370', '7373', '7376', '7379', '7382', '7385', '7388', '7391', '7394', '7397', '7400', '7403', '7406', '7409', '7412', '7415', '7418', '7421', '7424', '7427', '7430', '7433', '7436', '7439', '7442', '7445', '7448', '7451', '7454', '7457', '7460', '7463', '7466', '7469', '7472', '7475', '7478']",.sql
./database/change                                            WI           earlyIntervening.sql,['26'],.sql
./database/change                                            RI           Behavior            ,"['14', '116']",.sql
./database/change                                           VT             dictionary              ,"['14', '147', '156', '165', '259']",.sql
./database/change                                           Add            Notification           ,['8'],.sql
./database/change                                           SD             tab               updates.sql,['18'],.sql
./database/change                                            WI             SCED           data.sql,['16'],.sql
./database/change                                           WA                         studentStatus              update.sql,['16'],.sql
./database/change                                           Update         per         USDA                 ,['10'],.sql
./database/change                                            Fram         change.sql,['10'],.sql
./database/change                                            unhide               parts       teacher.sql,['16'],.sql
./database/change                                            Convert       new           ,"['15', '40']",.sql
./database/change                                            NJ              state              udpates.sql,"['28', '68', '110']",.sql
./database/change                                            MA               EducationInstitution        HR.sql,['4013'],.sql
./database/change                                           FRAM           App.sql,['10'],.sql
./database/change                                           KS      Script            dictionaries       unlocked                      attribute.sql,['16'],.sql
./database/help                         -            1.4.6.sql,"['485', '501', '513', '851', '1031', '1490', '2288']",.sql
./database/help                         -           fixes.sql,"['485', '501', '513', '851', '1031', '1490', '2288']",.sql
./database/help                       -          slate.sql,"['128', '676', '692', '704', '792', '1170', '1604', '2010', '2261', '2268', '2289', '2346', '2347', '2348', '2349', '2367', '2541', '3079', '3137', '3621', '3929', '4928', '5363']",.sql
./database/help                                              ,"['123', '671', '687', '699', '787', '1165', '1599', '2005', '2256', '2263', '2284', '2341', '2342', '2343', '2344', '2362', '2536', '3074', '3132', '3616', '3924', '4920', '5355']",.sql
./database/procedures/compare_CampusDictionary.sql,"['63', '117', '139', '172', '236', '258', '291', '417', '418', '419', '526', '561', '598', '629', '664', '695', '728', '747', '778', '803', '993', '1019', '1084', '1120', '1253', '1256', '1301']",.sql
./database/procedures/extract_V1P1OneRosterUsers.sql,"['19', '21', '23']",.sql
./database/procedures/SP_DCTTriggerGenerate.sql,['394'],.sql
./database/procedures/update_CampusDictionary.sql,"['32', '80', '101', '133', '185', '200', '232', '259']",.sql
./database/procedures/update_CampusTool.sql,"['24', '36', '42', '51', '70', '77', '86', '113', '120', '130', '136', '152', '155', '201', '229', '240', '244']",.sql
./database/procedures/update_filterBasedReports.sql,"['37', '82', '87', '95', '136', '144', '145']",.sql
./database/utility                TOOL             ,"['3708', '3723', '3724', '3727', '3728', '3733', '3739', '3746', '3753', '3778', '3779', '3782', '3783', '3788', '3801', '3812']",.sql
./database/views/LessonPlanActivity.sql,['4'],.sql
./database/views/v_AccountManagement.sql,"['17', '18']",.sql
./database/views/v_Assignment.sql,"['3', '4']",.sql
./database/views/v_AssignmentExcludeDrafts.sql,"['3', '4']",.sql
./database/views/v_AssignmentExcludeDraftsWithScores.sql,"['3', '4']",.sql
./database/views/v_AssignmentSummaryStudentApp.sql,"['4', '21', '24']",.sql
./database/views/v_BehaviorDetail.sql,['35'],.sql
./database/views/v_CensusContactSummary.sql,"['18', '51', '113']",.sql
./database/views/v_CensusContactSummaryAll.sql,"['18', '51']",.sql
./database/views/v_CensusContactSummaryLite.sql,"['18', '46']",.sql
./database/views/v_GradebookActivityDetail.sql,"['6', '8']",.sql
./database/views/v_HouseholdMemberGuardians.sql,"['17', '21', '38']",.sql
./database/views/v_LearnerPlanActiveEmploymentAssignment.sql,['10'],.sql
./database/views/v_OneRosterAdministrator.sql,['22'],.sql
./database/views/v_OneRosterDemographics.sql,"['57', '65']",.sql
./database/views/v_OneRosterGuardian.sql,"['8', '42']",.sql
./database/views/v_OneRosterRelative.sql,"['8', '42']",.sql
./database/views/v_OneRosterStudent.sql,['42'],.sql
./database/views/v_OneRosterTeacher.sql,['21'],.sql
./database/views/v_POSAccountDetailPortal.sql,['1'],.sql
./database/views/v_ProgramParticipation.sql,['5'],.sql
./database/views/v_ProgramParticipationCTE.sql,['4'],.sql
./database/views/v_ProgramParticipationGraduation.sql,['4'],.sql
./database/views/v_UserAccountUsage.sql,['11'],.sql
