./advising/gradPlanner/progress/progressTemplates.xsl,['605'],.xsl
./assessment/test/testDT.xsl,"['454', '491', '494', '497', '498']",.xsl
./census/contact/contactDT.xsl,['141'],.xsl
./census/schoolChoice/schoolChoiceApplicationDT.xsl,['184'],.xsl
./core/identity/raceEthnicitySharedTemplates.xsl,"['163', '461', '512', '513']",.xsl
./curriculum/course/courseDT.xsl,"['2920', '2921']",.xsl
./curriculum/preferences/templates/curriculumTemplatesDT.xsl,"['21', '55', '57']",.xsl
./custom/customTab/customTabDT.xsl,"['46', '47']",.xsl
./customDocs/docFop/planURL.xsl,"['44', '46']",.xsl
./dataUtility/translationEditor/TranslationLocaleMessageDT.xsl,['99'],.xsl
./dataValidation/dataValidationOutputHTML.xsl,['76'],.xsl
./documents/docType/evaluation/docFop/evalURL.xsl,"['10', '29', '31']",.xsl
./documents/docType/plan/docFop/planURL.xsl,"['51', '53']",.xsl
./instructionalManagement/onlineAssessment/delivery/launchOnlineAssessmentDT.xsl,"['4', '5', '30', '62', '166', '169', '172', '175']",.xsl
./instructionalManagement/onlineAssessment/delivery/onlineAssessmentDeliveryDT.xsl,"['3', '4', '40', '260', '410', '413', '435', '477']",.xsl
./portal/accountInfo.xsl,"['22', '29', '33', '40']",.xsl
./portal/activitiesByDate.xsl,"['5', '14']",.xsl
./portal/activitiesMissing.xsl,"['7', '16']",.xsl
./portal/assessment.xsl,"['28', '33', '34', '42', '43', '60', '61', '69', '70', '75', '92', '93', '101', '102', '109', '141', '142']",.xsl
./portal/attendance/attendance.xsl,"['4', '12', '13', '16', '21', '25', '36', '45', '54', '60', '64', '71', '72', '113', '114', '126', '189', '190', '200', '279', '280', '407', '408', '416', '450', '451', '534', '535', '543', '547', '557', '566', '597', '658', '685', '692', '699', '701', '706', '707', '741']",.xsl
./portal/attendance/attendanceDailyDetail.xsl,"['8', '11', '12', '18', '24', '37', '39']",.xsl
./portal/attendance/attendanceDetailKY.xsl,"['9', '10', '36']",.xsl
./portal/attendance/attendanceKY.xsl,"['3', '5', '20', '53', '59', '69', '84', '151']",.xsl
./portal/attendance/attendancePeriodSummary.xsl,['29'],.xsl
./portal/attendance/positiveAttendanceDetail.xsl,['35'],.xsl
./portal/behavior.xsl,['38'],.xsl
./portal/benefitApplication.xsl,"['31', '43', '44', '45', '73', '193', '208']",.xsl
./portal/calendar.xsl,"['73', '75', '183', '279', '280', '308']",.xsl
./portal/classbook.xsl,"['5', '7', '38', '39', '40', '41', '43', '44', '45', '46', '47', '48', '72', '73', '77', '79', '88', '92', '393', '427', '478', '729', '831']",.xsl
./portal/contactInfo.xsl,"['6', '7', '11', '12', '13', '35', '52', '53', '95', '110', '136', '144', '160', '169', '172', '175', '182', '183', '571', '618']",.xsl
./portal/courseResults.xsl,"['22', '27', '31']",.xsl
./portal/courseSearch.xsl,"['16', '17', '18', '19']",.xsl
./portal/courseSearchFrames.xsl,['19'],.xsl
./portal/district.xsl,['60'],.xsl
./portal/eSignature/entry.xsl,"['15', '38', '51', '79']",.xsl
./portal/eSignature/eSignatureWrapper.xsl,"['20', '24', '27', '36', '38', '39', '40', '41', '42', '43', '59', '60']",.xsl
./portal/eSignature/exit.xsl,"['50', '90', '109']",.xsl
./portal/eSignature/pin.xsl,"['129', '130', '202']",.xsl
./portal/fees.xsl,"['15', '16', '20', '23', '30', '33', '37', '38', '39', '67', '68', '85', '116', '128', '185']",.xsl
./portal/fram/framWizardESignatureRedirect.xsl,"['17', '21', '24', '42']",.xsl
./portal/fram/framWizardJQuery.xsl,"['19', '43', '44', '45', '46', '47', '48', '49', '50', '51', '52', '53', '54', '55', '56', '57', '226', '228', '230', '235', '236', '345', '346', '347', '348', '443']",.xsl
./portal/grades.xsl,"['10', '11', '12', '13', '53', '87', '137', '285', '312', '331', '468']",.xsl
./portal/gradPlanner.xsl,"['122', '140', '267', '282', '372']",.xsl
./portal/health.xsl,['41'],.xsl
./portal/lang/langDef.xsl,"['2', '19', '24', '27', '29', '32', '36', '39', '43', '46', '50', '53', '57', '60', '64', '67', '71', '74', '78', '81', '85', '88', '92', '95', '99', '102', '106', '109', '113', '116', '120', '123', '127', '130', '134', '137', '141', '144', '148', '151', '155', '158', '162', '165', '169', '172', '176', '179', '183', '186', '190', '193', '197', '200', '204', '207', '211', '214', '218', '221', '225', '228', '232', '235', '239', '242', '246', '249', '253', '256', '260', '263', '267', '270', '274', '277', '281', '284', '288', '291', '295', '297', '300', '304', '307', '311', '314', '323', '330', '337', '344', '351', '358', '367', '374', '381', '388', '397', '404', '411', '418', '425', '432', '439', '448', '455', '462', '469', '476', '483', '490', '497', '504', '511', '518', '525', '532', '539', '546', '553', '560', '567', '574', '581', '588', '595', '602', '609', '616', '623', '630', '637', '644', '651', '658', '665', '672', '679', '686', '693', '700', '707', '714', '721', '728', '738', '745', '752', '759', '766', '773', '781', '788', '795', '802', '809', '816', '823', '830', '837', '845', '852', '859', '866', '873', '880', '887', '894', '902', '908', '914', '920', '926', '932', '938', '944', '950', '956', '962', '968', '974', '980', '986', '992', '998', '1004', '1010', '1016', '1022', '1028', '1034', '1040', '1046', '1052', '1058', '1064', '1070', '1076', '1082', '1090', '1097', '1104', '1111', '1118', '1125', '1132', '1139', '1148', '1155', '1162', '1169', '1176', '1183', '1190', '1199', '1206', '1213', '1220', '1227', '1234', '1241', '1248', '1255', '1262', '1269', '1276', '1283', '1290', '1299', '1306', '1313', '1320', '1329', '1336', '1343', '1350', '1357', '1364', '1371', '1378', '1385', '1392', '1399', '1406', '1413', '1420', '1427', '1434', '1441', '1448', '1455', '1464', '1471', '1478', '1485', '1492', '1499', '1504', '1511', '1516', '1521', '1526', '1531', '1536', '1541', '1546', '1551', '1557', '1564', '1571', '1578', '1585', '1592', '1599', '1606', '1613', '1620', '1627', '1634', '1641', '1648', '1655', '1662', '1669', '1676', '1683', '1690', '1697', '1704', '1711', '1718', '1725', '1732', '1739', '1746', '1753', '1760', '1767', '1774', '1781', '1788', '1795', '1802', '1809', '1816', '1823', '1830', '1837', '1844', '1851', '1858', '1865', '1872', '1879', '1886', '1893', '1900', '1907', '1914', '1921', '1928', '1935', '1942', '1949', '1958', '1965', '1972', '1979', '1983', '1985', '1988', '1992', '1995', '1999', '2002', '2006', '2009', '2013', '2016', '2020', '2023', '2027', '2030', '2034', '2037', '2041', '2044', '2048', '2051', '2055', '2058', '2062', '2065', '2069', '2072', '2076', '2079', '2083', '2086', '2090', '2093', '2097', '2100', '2104', '2107', '2111', '2114', '2118', '2121', '2125', '2128', '2132', '2135', '2139', '2142', '2146', '2149', '2153', '2156', '2160', '2163', '2167', '2170', '2174', '2177', '2181', '2184', '2188', '2191', '2195', '2198', '2202', '2205', '2209', '2212', '2216', '2219', '2223', '2226', '2230', '2233', '2237', '2240', '2244', '2247', '2251', '2254', '2258', '2260', '2263', '2267', '2270', '2274', '2277', '2281', '2284', '2288', '2291', '2295', '2298', '2302', '2305', '2309', '2312', '2316', '2319', '2323', '2326', '2330', '2333', '2337', '2340', '2344', '2347', '2351', '2354', '2358', '2361', '2365', '2368', '2372', '2374', '2377', '2381', '2384', '2388', '2391', '2395', '2398', '2402', '2405', '2409', '2412', '2416', '2419', '2423', '2426', '2430', '2433', '2437', '2440', '2444', '2447', '2451', '2454', '2458', '2461', '2465', '2468', '2472', '2475', '2479', '2482', '2486', '2489', '2493', '2496', '2500', '2503', '2507', '2510', '2514', '2517', '2521', '2524', '2528', '2531', '2535', '2538', '2542', '2545', '2549', '2552', '2556', '2559', '2563', '2566', '2570', '2573', '2577', '2580', '2584', '2587', '2591', '2594', '2598', '2601', '2605', '2608', '2617', '2624', '2631', '2638', '2645', '2652', '2659', '2668', '2675', '2682', '2689', '2696', '2703', '2710', '2717', '2724', '2731', '2738', '2745', '2752', '2759', '2766', '2773', '2782', '2789', '2796', '2803', '2810', '2817', '2824', '2831', '2838', '2847', '2854', '2863', '2870', '2877', '2884', '2891', '2898', '2905', '2912', '2919', '2926', '2933', '2940', '2949', '2956', '2963', '2970', '2977', '2984', '2991', '3000', '3007', '3014', '3021', '3028', '3035', '3042', '3049', '3056', '3063', '3070', '3077', '3084', '3091', '3098', '3105', '3112', '3119', '3126', '3133', '3143', '3150', '3157', '3164', '3171', '3178', '3185', '3192', '3199', '3206', '3212', '3218', '3224', '3231', '3238', '3245', '3252', '3259', '3266', '3273', '3280', '3287', '3294', '3300', '3306', '3313', '3320', '3327', '3334', '3341', '3348', '3355', '3364', '3371', '3378', '3385', '3394', '3401', '3408', '3415', '3422', '3429', '3436', '3443', '3450', '3457', '3464', '3471', '3478', '3485', '3492', '3501', '3511', '3518', '3525', '3532', '3539', '3546', '3553', '3560', '3567', '3574', '3582', '3588', '3594', '3600', '3606', '3612', '3618', '3624', '3629', '3635', '3641', '3647', '3655', '3661', '3667', '3674', '3679', '3684', '3689', '3694', '3699', '3704', '3709', '3714', '3719', '3724', '3729', '3734', '3739', '3744', '3749', '3754', '3759', '3764', '3769', '3774', '3779', '3784', '3789', '3794', '3799', '3804', '3809', '3814', '3819', '3824', '3829', '3834', '3839', '3844', '3849', '3854', '3859', '3864', '3869', '3874', '3879', '3884', '3889', '3894', '3899', '3904', '3909', '3914', '3919', '3924', '3929', '3934', '3939', '3944', '3949', '3954', '3959', '3964', '3969', '3974', '3979', '3984', '3989', '3994', '3999', '4004', '4009', '4014', '4019', '4024', '4029', '4034', '4039', '4044', '4049', '4054', '4059', '4064', '4069', '4074', '4079', '4084', '4089', '4094', '4099', '4104', '4109', '4114', '4119', '4124', '4129', '4134', '4139', '4144', '4149', '4154', '4159', '4164', '4169', '4174', '4179', '4184', '4189', '4194', '4199', '4204', '4209', '4214', '4219', '4224', '4229', '4234', '4239', '4244', '4249', '4254', '4259', '4264', '4269', '4274', '4279', '4284', '4289', '4294', '4299', '4304', '4309', '4314', '4319', '4324', '4329', '4334', '4339', '4344', '4349', '4354', '4359', '4364', '4369', '4374', '4379', '4384', '4389', '4394', '4399', '4404', '4409', '4414', '4419', '4424', '4429', '4434', '4439', '4444', '4449', '4454', '4459', '4468', '4473', '4478', '4483', '4488', '4493', '4498', '4503', '4508', '4513', '4518', '4523', '4528', '4533', '4538', '4543', '4548', '4553', '4558', '4563', '4568', '4573', '4578', '4583', '4588', '4593', '4598', '4603', '4608', '4613', '4618', '4623', '4628', '4633', '4638', '4643', '4648', '4653', '4658', '4663', '4668', '4673', '4678', '4683', '4688', '4693', '4698', '4703', '4708', '4713']",.xsl
./portal/main.xsl,"['30', '99']",.xsl
./portal/messageView.xsl,"['13', '56', '57', '67', '68', '89', '103', '134']",.xsl
./portal/notices.xsl,"['14', '19', '26', '39', '44', '51', '65', '86', '94', '117', '119', '120', '140', '141', '156', '158', '160', '178', '181', '182', '183', '196', '210', '225', '247', '250']",.xsl
./portal/payments/payments.xsl,"['95', '212', '242', '243', '244', '246', '247', '248', '262', '287', '360', '379', '440', '442', '443', '446', '447', '448', '484', '742', '781', '802', '803', '806', '807', '810', '811', '812', '1051', '1059']",.xsl
./portal/paymentsAccessToFeesFood.xsl,"['15', '40', '42', '45', '51', '54', '57', '65', '66', '67', '71', '98', '103', '109', '114']",.xsl
./portal/person.xsl,"['31', '98']",.xsl
./portal/portal.xsl,"['11', '12', '13', '14', '17', '20', '60', '61', '62', '63', '64', '65', '66', '68', '71', '88', '89', '90', '92', '121', '126', '130', '149', '172', '177', '199', '204', '222', '228', '229', '230', '238']",.xsl
./portal/portalCensusSelfService/portalFamilyData.xsl,"['6', '7', '11', '22', '26', '32', '33', '36', '40', '119', '180']",.xsl
./portal/portalCensusSelfService/portalHouseholdData.xsl,"['6', '7', '11', '21', '25', '30']",.xsl
./portal/portalCensusSelfService/portalStudentData.xsl,"['7', '8', '26', '38', '42', '44', '56', '174', '187', '291', '293']",.xsl
./portal/portalCensusSelfService/processorDT.xsl,"['15', '22', '116', '189', '192', '232', '250', '251', '252', '254', '255', '256', '258', '259', '260', '262', '263', '266', '269', '273', '274', '275', '298', '301', '304', '307', '310', '313', '322', '385', '390', '432', '440', '445', '464', '487', '560', '561', '616', '640', '670', '674', '692', '693', '699', '702', '711', '728', '760', '762', '825', '829']",.xsl
./portal/portalCensusSelfService/updateRequestDialogSharedTemplates.xsl,['180'],.xsl
./portal/portalInclude.xsl,"['22', '23', '24', '58', '84', '86', '89', '136', '154', '160', '192', '233', '246', '252', '261']",.xsl
./portal/posAccount.xsl,"['92', '98', '105', '174', '197', '275', '276', '364', '430', '443', '496', '523']",.xsl
./portal/posAccountEntryList.xsl,"['19', '109']",.xsl
./portal/posAccountMemberList.xsl,"['14', '40']",.xsl
./portal/posMessage.xsl,"['10', '98', '116', '117', '127']",.xsl
./portal/registrationFrames.xsl,"['13', '17', '19']",.xsl
./portal/registrationHeader.xsl,"['31', '42', '46']",.xsl
./portal/reports.xsl,"['36', '39', '48', '54', '62', '70', '74', '81', '89', '94', '99', '153', '160', '162', '172', '181', '190', '198', '200', '207']",.xsl
./portal/requestCourse.xsl,"['10', '13', '14', '15', '34', '42', '50', '60', '106']",.xsl
./portal/requests.xsl,"['8', '9', '22', '41', '56', '75', '95']",.xsl
./portal/responsiveSchedule.xsl,"['27', '70', '84']",.xsl
./portal/schedule.xsl,"['114', '115']",.xsl
./portal/schoolChoice.xsl,"['40', '71', '99', '123', '145', '248', '251', '260']",.xsl
./portal/shim/portalShim.xsl,"['11', '12', '24', '25', '26', '27', '29', '30', '47', '48', '49']",.xsl
./portal/toDoList.xsl,"['5', '13', '14', '88', '104', '121', '135', '136', '149', '151']",.xsl
./portal/transportation.xsl,"['10', '11', '12', '13', '14', '25', '39', '72', '96']",.xsl
./portal/upload/attachment.xsl,['30'],.xsl
./pos/fram/onlineLetterEditor/signerConfirmDT.xsl,['38'],.xsl
./pos/fram/preferences/framPreferencesDT.xsl,"['219', '222', '231']",.xsl
./resource/eTranscript/eTranscriptOptionsDT.xsl,"['5', '17', '36', '39', '44', '51', '56']",.xsl
./resource/overrideType/overrideTypeDT.xsl,['24'],.xsl
./resource/portal/portalOptionsDT.xsl,"['4', '7', '147', '148', '149', '157', '158', '167', '184', '187', '196', '197', '198', '210', '213', '216', '220', '222', '223', '224', '225', '226', '227', '228', '229', '230', '231', '232', '233', '234', '235', '236', '240', '241', '242', '243', '244', '245', '246', '247', '248', '249', '250', '251', '252', '253', '268', '318', '350', '376', '382', '388', '400', '403', '406', '409', '412', '421', '424', '427', '436', '439', '442', '445', '454', '457', '460', '463', '478', '484', '490', '496', '502', '508', '514', '520', '526']",.xsl
./resource/portal/portalSelfServiceOptionsDT.xsl,"['7', '10', '34', '64', '74', '81', '91', '103', '110', '112', '123', '135', '142', '152', '160']",.xsl
./scheduling/reports/scheduleBatch/studentScheduleSUB.xsl,['46'],.xsl
./scheduling/reports/scheduleBatch/studentScheduleSUBnonFo.xsl,['46'],.xsl
./scheduling/section/sectionDT.xsl,"['468', '469', '473', '477']",.xsl
./student/program/flagDT.xsl,"['260', '329']",.xsl
./system/campusAttribute/campusAttributeDT.xsl,"['147', '148', '149']",.xsl
./system/campusAttribute/script/scriptAttribute.xsl,"['112', '232', '259', '286']",.xsl
./system/campusAttribute/script/standardAttribute.xsl,['22'],.xsl
./system/report/reportDT.xsl,"['30', '31', '34', '37', '38']",.xsl
./user/accountMaintenance/email.xsl,"['5', '11', '22', '33', '43', '57', '80']",.xsl
./user/accountMaintenance/eSignaturePIN.xsl,"['12', '23', '34', '44', '61', '132']",.xsl
./user/accountMaintenance/updateEmailDT.xsl,"['7', '18', '29', '43', '53', '65', '78', '137']",.xsl
./user/accountMaintenance/updatePasswordDT.xsl,"['8', '19', '30', '68', '123']",.xsl
./user/homePage.xsl,"['216', '218']",.xsl
./user/security/usernameGenerationTemplating.xsl,['165'],.xsl
./user/userAccount/userAccountDT.xsl,['57'],.xsl
./user/userNotice/userNoticeDT.xsl,"['220', '221', '229', '230']",.xsl
./userRequest/userRequest.xsl,"['116', '312']",.xsl
